{"cameraMode":{"drawMode":0,"name":"Shaded","section":"Shading Mode"},"sceneLighting":true,"audioPlay":false,"sceneViewState":{"m_AlwaysRefresh":false,"showFog":true,"showSkybox":true,"showFlares":true,"showImageEffects":true,"showParticleSystems":true,"showVisualEffectGraphs":true,"m_FxEnabled":true},"in2DMode":false,"pivot":{"x":-0.31865864992141726,"y":5.956389904022217,"z":-2.5347137451171877},"rotation":{"x":0.22392308712005616,"y":-0.023372812196612359,"z":0.005459450650960207,"w":0.9743552207946777},"size":4.305054187774658,"orthographic":false}